{
  "accuracy": 0.819672131147541,
  "roc_auc": 0.9074675324675325,
  "features": [
    "age",
    "sex",
    "cp",
    "trestbps",
    "chol",
    "fbs",
    "restecg",
    "thalach",
    "exang",
    "oldpeak",
    "slope",
    "ca",
    "thal"
  ],
  "feature_importance": {
    "age": 0.08092725545903351,
    "sex": 0.02781565190352658,
    "cp": 0.15566471301995347,
    "trestbps": 0.0730740731775464,
    "chol": 0.08612851566082859,
    "fbs": 0.01004244622668417,
    "restecg": 0.021685081273687987,
    "thalach": 0.1121801607990605,
    "exang": 0.06307369468283443,
    "oldpeak": 0.10969783471725923,
    "slope": 0.05376502445212235,
    "ca": 0.08632902824447265,
    "thal": 0.11961652038299023
  }
}